DienTich,Duong,SoTang,SoPhong,Gia
70,6,3,4,6.6
200,42,1,3,1.1
116,6,6,19,15.5
40,6,1,2,1.56
79,6,4,12,0.93
200,7,3,5,2.175
38,2.5,4,4,3.3
82,6,1,3,0.98
74,6,1,3,0.89
45,3,5,5,4.5
70,7,3,4,6.7
40,3,4,4,4.86
33,4,5,4,3.7
30,4,5,4,12.9
64,10,4,4,7.5
292,12,4,4,4.8
338,5,5,4,7.95
68,6,1,2,2.08
80,6,2,4,3.3
80,6,2,4,3.25
80,6,2,4,3.35
90,6,2,4,3.55
80,6,2,4,3.25
350,12,4,6,15.2
280,12,4,4,4.8
500,16,4,4,17.2
209,8,4,5,4.349
105,40,2,2,19.0
240,40,6,10,62.0
50,10,6,9,8.05
99,10,6,7,29.0
71,40,5,5,29.0
48,3,5,6,5.0
45,3,5,6,6.6
40,4,4,4,6.5
60,4,3,4,7.0
79,19,2,3,10.8
150,10,1,25,22.0
64,5,2,4,5.46
65,10,3,4,5.5
52,4,1,2,2.1
48,4,1,2,2.0
60,4,2,2,4.2
84,10,2,4,3.2
81,10,2,4,3.25
50,4,6,11,5.55
50,5,2,2,2.28
122,7,4,4,2.45
72,4,1,2,1.38
36,4,3,4,1.92
225,3.2,5,5,4.55
42,6,5,4,4.2
60,9,2,2,3.85
60,6,1,2,1.365
186,7,3,4,4.48
700,16,6,7,17.0
400,30,4,7,17.2
44,4,1,3,2.4
36,3.5,4,5,3.3
38,7,1,2,1.5
160,20,1,4,51.0
286,6,4,6,45.0
67,5.5,1,1,6.2
63,2.5,2,2,2.75
44,6,3,3,3.95
52,8,3,4,3.3
65,20,3,4,7.9
45,15,5,10,33.0
280,15,1,2,36.3
200,15,5,10,55.0
48,15,7,14,23.5
212,30,3,4,93.0
180,12,3,14,1.32
300,13,2,5,30.0
300,14,3,4,40.0
95,50,6,10,10.0
42,4,5,6,3.6
60,4,4,6,3.7
45,3,4,4,2.4
126,12,1,3,1.89
98,8,4,4,12.0
40,6,4,3,5.3
74,10,4,16,14.5
55,6,1,2,5.5
79,5,3,3,1.6
75,6,1,3,0.950
80,30,3,5,21.0
500,20,1,12,0.966
44,20,4,2,15.6
45,2.5,4,4,4.05
41,6,1,1,3.9
40,2.5,4,4,3.7
200,12,5,10,85.0
80,8,2,4,3.15
80,8,2,4,3.25
80,8,2,4,3.45
85,12,2,4,3.15
80,8,4,6,7.5
70,2.5,4,4,6.75
73,5,5,5,5.9
41,5,1,2,3.98
47,3,5,4,6.35
40,2,5,4,3.4
165,15,6,6,57.0
70,6,4,5,6.4
62,5,1,3,1.15
52,5,1,2,1.1
63,15,1,1,1.11
63,6,1,3,0.995
68,5,2,4,1.25
30,3,3,3,4.45
120,12,3,5,6.299
60,3,6,15,6.4
90,10,2,4,3.2
250,6,3,4,7.6
93,32,4,2,2.5
52,10,7,2,1.85
100,8,3,5,23.7
26,7.5,5,3,4.7
56,5,1,2,0.999
62,5,2,3,1.08
90,7,5,11,10.7
100,10,2,3,5.2
86,10,2,4,10.0
80,8,5,3,15.0
120,60,3,3,6.4
82,20,3,6,32.0
65,4,1,4,1.1
64,4,1,4,1.01
75,4,1,4,0.97
67,4,2,5,1.65
65,4,1,4,0.950
65,3,1,3,1.05
370,16,4,9,14.0
68,5,1,2,1.1
100,4,2,3,1.6
56,4.5,1,2,1.15
450,20,2,6,165.0
45,8,5,6,8.5
58,3.5,3,6,4.5
120,6,7,27,23.9
45,6,5,6,14.0
75,14,5,6,6.6
35,4,5,4,2.7
50,3,6,12,5.6
59,7,2,2,5.299
30,3,4,3,3.3
35,3,3,3,3.3
139,6,4,5,10.5
80,10,3,4,12.9
500,30,6,12,37.0
110,6,6,18,12.6
130,8,6,18,13.5
136,8,6,20,13.5
120,20,5,10,21.0
80,10,6,9,12.5
450,30,6,8,37.0
1.260,8,1,50,53.0
108,6,6,18,12.6
43,4.5,5,4,3.6
42,3,5,4,2.6
43,2.3,4,4,2.48
232,12,2,4,35.0
170,16,8,21,15.5
53,6,2,2,2.8
63,25,2,5,20.5
86,20,6,12,52.5
40,12,3,5,10.5
100,12,4,6,18.0
46,10,5,4,9.5
40,4,2,3,3.45
80,8,5,5,9.0
70,2,4,4,4.8
30,5,6,4,5.5
240,6,3,6,10.8
172,5,3,4,6.5
50,8,2,4,4.2
52,7,4,5,4.5
170,40,1,10,45.0
50,10,5,4,10.2
55,4,2,3,4.15
56,2,3,3,3.55
37,4,5,4,3.0
85,8,4,4,14.8
75,20,4,4,18.0
94,16,3,4,10.5
101,2.5,2,4,7.3
130,6,3,4,12.2
35,3,4,4,6.2
110,4,1,2,1.1
125,4,1,2,1.4
60,6,3,4,6.3
62,5,5,4,5.1
105,6,1,1,11.5
50,3,4,5,3.7
32,3,2,2,2.35
52,2,3,4,3.7
48,.,4,4,6.9
20,4,2,2,0.77
68,8,2,2,7.6
60,6,1,1,4.65
82,3,1,4,5.3
70,20,2,3,1.6
60,5,2,2,4.55
191,20,1,10,105.0
67,20,2,4,2.8
62,20,3,6,3.4
70,20,2,6,3.2
76,4,2,4,1.154
74,5,2,5,1.415
69,8,2,3,1.35
76,8,2,4,1.23
74,8,2,5,1.103
73,8,2,4,1.207
72,8,2,6,1.5
80,6,3,6,1.425
52,6,1,2,0.925
130,15,3,4,12.0
150,4,2,3,3.2
450,13,3,4,17.0
90,8,7,7,155.0
150,20,4,5,36.2
60,3,3,3,3.95
50,3.5,2,3,4.95
120,7.5,1,2,7.3
70,6,3,3,6.6
115,7.5,3,5,12.5
66,3,2,4,7.5
100,10,5,8,19.0
70,5,1,2,1.2
38,3,5,4,2.86
46,5,3,3,3.95
47,3,2,1,5.7
81,8,2,3,0.92
58,5,6,5,12.3
36,2.5,4,3,3.4
120,15,1,30,63.0
92,4,4,4,15.9
35,3,5,4,3.5
80,15,2,6,44.0
51,15,2,6,12.3
55,15,3,6,18.8
60,15,3,9,32.5
65,10,3,6,14.2
130,15,5,10,24.5
100,20,7,8,18.8
72,8,3,6,10.3
56,3,5,4,3.2
54,3,4,4,2.2
53,3,4,4,3.25
50,3,5,3,3.2
36,3,2,2,2.15
54,3,4,4,3.35
45,4,4,4,2.39
45,4,5,3,2.28
46,3,5,3,2.35
55,3,5,5,3.05
41,3,5,3,2.15
64,4,1,2,3.9
30,10,6,6,14.0
56,10,4,5,8.29
50,12,5,5,6.8
32,5,5,3,3.75
42,2,5,3,3.65
70,10,1,2,1.05
34,2.5,4,3,1.75
45,12,4,4,7.5
48,6,3,3,5.2
60,12,4,6,10.9
70,2.5,1,3,1.95
38,12,4,3,5.3
150,20,7,18,19.5
300,20,9,38,79.0
200,5.5,3,3,6.6
44,6,1,2,0.62
40,5,1,2,2.28
48,3,3,4,6.55
60,6,5,5,6.76
35,12,5,4,6.3
04,3,4,3,3.7
250,30,6,30,36.5
600,30,9,79,100.0
40,3,5,4,3.7
36,8,2,2,5.32
105,12,8,16,99.0
75,15,6,4,46.0
48,3,5,5,3.5
85,15,8,26,19.5
48,4,6,11,5.85
120,16,2,6,23.0
170,8,2,5,20.0
60,4,5,10,5.85
121,8,1,2,9.6
311,8,1,1,4.15
44,2.5,4,4,3.65
30,5,4,3,2.95
70,6,5,6,7.99
102,6,2,3,5.6
40,10,5,3,7.35
40,4,6,4,3.8
146,40,5,5,50.0
98,5.6,8,8,24.5
170,3,5,6,6.2
75,4,1,2,1.4
90,20,1,1,35.0
275,15,1,1,47.0
254,33,1,1,65.0
100,30,3,3,30.0
160,20,1,1,27.0
245,30,4,4,65.0
160,25,7,7,50.0
228,30,1,1,58.0
98,28,4,7,32.0
156,18,1,1,17.8
52,5,1,1,3.8
400,6,1,3,5.8
114,8,3,4,4.79
60,6,5,3,7.4
68,6,3,4,7.6
80,4,3,3,6.0
220,6,3,3,4.9
72,6,3,6,14.6
108,6,4,10,26.0
107,0,3,4,70.0
33,12,6,5,6.98
538,20,9,10,46.0
80,10,2,2,0.65
121,8,3,12,20.5
40,4,3,3,2.7
42,3,1,2,2.28
220,10,1,2,5.5
260,12,4,10,22.0
44,8,5,6,5.6
40,4,1,3,1.15
55,25,5,6,14.6
120,15,5,4,32.0
305,30,4,5,34.0
57,3,4,4,5.4
200,8,2,4,30.0
113,24,5,7,14.5
24,2,5,3,2.3
148,12,3,4,28.0
44,4,3,4,4.8
34,4,2,2,3.35
80,30,4,4,10.6
70,20,5,4,8.3
75,10,5,5,29.0
80,10,3,3,30.5
48,4,7,5,18.5
60,6,4,4,12.6
120,6,8,10,32.0
175,5,1,1,21.0
48,3,1,2,4.3
48,3.5,5,6,4.0
24,4,2,2,0.73
95,30,4,8,28.0
40,10,4,3,6.5
115,10,1,2,0.85
68,10,4,4,33.8
110,8,2,3,2.65
68,6,1,2,5.95
58,2.5,5,12,6.9
60,7,1,2,6.3
100,12,2,3,2.6
94,7.5,3,5,7.0
68,20,3,4,8.0
64,20,3,4,18.0
55,13,5,6,5.45
90,10,1,1,6.9
97,15,1,2,10.5
61,4,2,3,6.7
100,30,3,8,28.5
90,15,9,6,25.0
156,15,1,25,37.0
86,15,2,4,30.8
80,14,3,5,6.1
75,5,2,4,7.35
45,3,3,4,3.6
180,6,1,1,1.3
90,8,2,2,12.0
47,6,4,4,7.8
55,4,2,4,5.6
88,30,3,4,30.0
60,3,1,2,4.2
191,5,1,1,2.35
48,4,4,4,6.2
140,9,3,4,3.0
38,5,4,2,5.5
100,10,5,9,24.0
300,20,7,7,70.0
192,6,3,4,3.5
110,8,6,27,62.0
30,5,4,4,3.8
93,5.5,2,4,70.0
105,13,2,3,2.27
150,5,1,3,3.0
12,2,3,3,1.65
117,4,1,2,3.79
45,2.5,5,4,6.7
110,12,2,3,12.0
31,2,5,4,2.48
30,2.3,3,4,1.83
220,20,3,5,42.0
120,8,5,22,25.0
1.000,20,3,8,175.0
117,6,1,3,2.6
62,4.5,1,3,1.2
80,8,7,14,15.9
68,4,5,6,7.9
100,80,2,3,8.2
70,4.5,3,5,6.95
24,3,5,3,2.5
76,5,2,3,8.2
68,3.5,4,6,8.2
45,4,5,4,5.9
100,7,4,3,13.5
62,6,5,9,9.36
252,10,3,8,27.0
212,20,3,5,44.92
110,10,3,5,33.0
45,10,6,20,32.0
160,15,2,2,23.0
100,50,3,3,5.0
270,10,5,10,55.0
52,5,2,4,3.8
180,8,5,7,50.0
390,18,1,11,0.29
62,6,4,8,14.0
400,20,6,10,0.23
38,5,5,4,5.68
110,5,4,3,17.5
126,7,1,3,7.15
43,9,5,5,8.6
44,8,5,5,8.6
102,5.5,2,4,22.5
220,20,2,4,9.8
90,8,8,16,31.5
36,6,2,2,3.7
49,6,3,3,4.8
53,6,3,3,4.8
60,5,6,5,10.5
48,3,5,4,3.18
38,3,5,3,3.55
135,8,3,5,26.0
42,50,6,4,16.5
100,6,2,3,7.7
44,10,5,6,5.6
80,6,5,10,24.5
44,2,2,2,1.89
48,4,5,6,4.8
79,10,5,4,28.0
39,3,5,3,3.4
90,2.5,4,4,4.86
30,3,5,3,2.7
38,30,5,3,3.2
102,9,1,2,7.4
33,2.5,4,4,2.65
69,8,6,8,12.9
30,6,4,4,2.3
50,3,6,10,7.5
59,4,8,12,12.3
71,6,2,3,5.9
100,7.5,3,3,5.8
40,4,5,4,3.8
35,4,5,4,2.2
42,3.5,5,4,4.5
50,4,5,4,6.7
40,3,5,3,3.65
35,4,4,3,4.7
50,6,4,4,9.0
40,3,5,3,3.3
40,3,5,3,3.4
120,9,3,4,16.0
53,4.7,5,6,4.25
220,25,8,30,70.0
70,6,1,2,2.6
45,10,5,4,6.5
90,5,6,10,23.0
60,6,6,8,8.0
35,3,5,3,3.0
40,3,6,3,8.8
65,3,1,2,3.7
84,4,3,7,5.6
53,4,5,11,6.6
77,3,1,6,4.7
40,3,5,6,3.9
125,8,5,11,26.0
66,8,1,2,5.65
52,6,5,4,5.8
100,5.5,2,2,3.2
65,20,5,5,17.0
81,5.5,4,4,5.3
286,10,1,5,44.3
53,6,5,4,8.9
1.121,20,5,5,0.39
120,8,2,2,15.0
200,40,2,2,20.5
50,10,4,4,17.0
50,3,4,4,6.8
57,4,5,6,6.25
31,4,4,3,2.65
82,2.5,2,4,5.3
82,2.5,2,4,5.3
70,20,3,4,33.8
500,12,2,6,160.0
50,10,7,6,11.0
60,6,7,6,15.8
67,7,1,1,5.2
52,5,5,4,6.35
120,10,1,2,13.0
51,3.5,4,4,4.95
75,9,1,3,6.6
104,6,3,5,7.0
58,8,1,2,4.8
67,10,1,2,6.5
300,16,1,1,1.5
45,10,6,5,14.0
120,20,8,8,29.0
1.645,10,1,1,4.112
150,25,9,9,70.0
65,2.5,6,8,4.8
75,10,4,4,21.0
1.100,30,2,2,0.335
60,15,6,6,17.7
60,6,6,6,14.7
90,2.5,4,4,4.86
75,8,5,6,12.2
65,10,5,6,12.7
56,3.5,5,6,6.8
54,5,4,4,8.7
59,8,1,2,6.2
40,7,4,3,5.0
50,3,4,3,5.0
500,20,1,12,95.0
400,30,1,12,0.32
160,20,6,35,24.0
80,30,4,4,21.5
100,30,5,5,25.5
200,30,6,6,27.0
300,30,9,18,115.0
90,20,6,23,19.5
70,30,6,5,15.0
160,20,8,30,18.0
280,30,1,10,57.0
70,30,4,4,17.5
150,20,4,5,21.5
160,30,6,6,23.0
79,4.5,2,2,6.3
100,10,1,2,14.0
100,8,3,3,4.5
100,4,5,7,10.0
60,3.0,2,2,10.5
50,3.0,2,3,2.85
32,3.0,4,3,2.95
60,5,3,4,4.2
101,15,5,4,11.8
86,5,1,1,2.45
126,20,1,1,25.0
50,10,6,6,10.5
58,8,4,3,5.95
65,3.5,2,4,2.85
97,36,7,6,35.0
144,30,5,12,61.0
384,16,1,2,95.6
1.600,50,1,2,0.207
784,30,1,3,190.0
100,7,2,3,2.5
98,40,6,10,29.9
82,40,9,18,29.0
56,5,2,2,4.6
35,5,5,4,2.65
160,12,1,2,11.5
38,7,1,2,3.4
100,12,4,4,11.9
40,4,4,5,2.9
100,4,5,7,10.0
38,4,4,8,58.0
66,7,2,3,3.4
50,2,5,6,4.2
36,4,5,3,3.6
85,30,7,12,24.5
85,30,5,10,22.0
82,30,5,13,25.0
51,2.5,2,2,3.0
97,5,1,3,1.35
65,6,4,4,9.3
50,2.5,2,2,2.98
35,3,5,3,3.0
44,4,1,5,5.9
60,8,7,4,18.6
70,15,5,4,18.5
25,3,5,2,2.45
55,5,5,6,7.5
41,7,1,4,6.0
100,5,4,4,30.0
50,2.5,2,2,2.98
35,2.5,5,3,3.25
35,2.5,5,3,3.25
31,2.5,5,3,3.3
35,2.5,5,3,3.25
36,5,4,4,3.1
26,3,4,3,2.72
48,5,2,2,3.2
54,10,7,7,9.4
95,23,1,2,6.3
39,2.5,5,5,5.25
52,4,4,4,6.4
39,2.5,5,4,3.4
48,2.5,5,4,5.25
38,10,3,2,4.9
90,12,1,4,8.9
71,6,1,2,0.820
84,5,3,4,7.1
46,3,3,3,5.9
213,12,3,4,9.4
90,10,1,3,4.5
200,12,2,4,30.0
22,2,3,2,2.2
56,6,5,6,4.8
68,20,7,4,3.2
71,5,7,24,10.5
75,20,7,4,55.0
45,5,7,5,18.5
363,20,7,7,55.0
4.200,20,1,1,105.0
33,2.5,5,4,3.05
31,6,4,4,2.45
38,2.5,5,3,4.9
68,6,1,2,2.08
68,6,1,2,2.08
50,5,7,7,18.0
100,18,8,15,23.0
75,20,5,6,28.0
100,12,9,14,23.0
36,8,2,3,3.85
17,2,5,3,1.65
186,20,3,4,3.5
130,30,6,4,32.0
40,3,5,3,3.3
72,8,3,4,6.55
41,10,5,3,7.0
44,3,5,4,3.8
76,5,1,2,6.3
43,3,6,4,3.28
73,6,2,6,5.3
90,6,3,6,6.5
67,6,3,4,5.4
71,6,3,4,6.7
72,6,3,4,6.1
74,4,3,3,6.5
56,4,2,2,4.99
90,10,5,6,19.0
100,10,3,5,30.0
130,6,4,4,6.5
40,3,7,5,7.5
39,4,2,2,3.25
110,4,4,20,6.38
39,3,3,3,3.9
35,4,4,6,7.7
86,20,2,4,16.9
70,20,7,6,22.0
100,3.5,7,6,20.0
72,8,5,6,8.3
65,8,5,5,10.0
46,4,4,4,8.9
30,2.5,6,3,3.55
95,20,5,4,10.0
45,3,5,4,5.1
60,4,4,4,6.4
62,4,4,4,5.9
40,3,4,4,4.5
50,2.5,5,4,5.98
54,2,1,2,2.55
48,3,4,4,3.3
80,20m,2,3,18.5
94,6,1,3,9.0
217,6,1,2,13.0
85,22,2,2,13.5
100,5,7,10,11.6
52,5,4,4,6.8
89,7,3,3,15.0
54,2.5,4,5,3.5
85,35,1,3,1.9
48,3,4,4,2.0
120,11,7,26,23.0
740,7,1,2,3.8
60,4,1,1,6.95
50,3,3,2,5.0
72,16,3,4,11.0
64,6,3,4,8.5
89,6,4,3,7.2
200,8.5,1,3,4.3
33,4,5,3,2.85
71,2.5,5,4,5.85
91,4,2,2,2.55
71,27,5,4,18.4
60,4,3,3,4.39
56,2,3,3,3.6
87,7,2,3,1.95
63,5,3,4,8.5
222,30,2,2,28.0
50,8,5,4,6.7
68,3,6,4,9.15
60,5,5,4,7.0
40,5,2,2,4.1
120,22,1,3,6.3
120,16,1,3,5.25
76,8,4,4,5.9
80,3,6,11,10.0
70,6,2,3,4.65
85,15,5,6,15.5
130,20,3,4,48.5
30,3,5,3,3.0
88,5,4,6,5.8
54,54,7,5,9.4
48,3,5,6,5.4
48,3,5,6,5.4
85,4,2,3,4.9
35,4,5,4,2.3
32,3,5,3,1.92
46,3,1,1,2.05
40,3,5,3,2.16
70,10,3,5,8.9
35,10,5,3,5.7
58,12,4,4,6.1
66,5,2,2,3.8
80,3,1,2,2.46
105,4,5,17,11.0
100,60,5,6,22.5
91,30,2,7,33.0
40,3,6,5,4.0
60,6,1,2,1.1
64,6,1,3,1.8
60,6,1,3,1.97
68,6,1,2,1.34
46,5,5,6,6.0
351,20,3,4,28.5
56,6,1,1,115.0
100,16,1,2,0.75
100,8,3,6,15.0
16,3,2,2,1.9
24,4,2,2,1.9
80,12,4,6,13.0
15,4,2,2,1.68
36,4,3,2,2.1
18,3,3,2,1.65
25,3,2,2,2.5
165,20,2,10,18.3
40,4,5,4,3.2
40,2,5,5,3.6
70,3,5,5,8.5
45,4,5,4,6.35
76,5,3,3,8.2
45,3,5,6,4.0
50,3,4,4,4.9
35,3,5,3,3.0
40,3,5,5,3.99
60,30,5,6,12.9
32,4m,2,2,3.85
35,20,5,3,5.5
125,20,9,8,20.0
58,30,7,6,35.0
100,20,6,4,27.0
88,30,7,6,33.0
110,20,7,8,22.0
112,55,9,10,25.0
108,60,8,10,35.0
88,30,4,3,23.0
60,30,8,6,17.0
40,30,5,4,20.0
75,50,6,6,20.0
79,30,5,4,29.5
119,60,6,5,34.0
155,30,3,4,39.0
177,55,4,6,40.0
112,30,4,4,18.0
77,40,5,4,2.0
90,30,3,3,17.5
45,15,4,4,13.0
220,30,2,2,28.0
30,5,4,3,3.0
48,2,5,4,5.4
206,7,4,5,4.349
206,7,4,5,4.349
180,16,4,3,9.5
105,5.5,4,4,8.5
100,8,8,6,23.0
200,4,3,3,25.0
115,16,1,16,0.690
75,5,2,3,6.2
110,40,7,8,37.8
60,5,6,5,14.7
60,4,1,2,1.3
60,5,1,2,1.45
250,40,3,4,85.0
87,50,3,5,22.0
160,8,7,10,92.0
100,10,5,7,30.0
100,12,3,6,46.0
124,20,3,1,53.8
265,10,4,8,19.5
52,5,5,5,8.5
57,6,5,6,10.5
110,8,8,9,32.0
1.200,20,1,1,0.312
180,15,8,5,45.0
90,10,5,5,20.0
150,15,6,8,35.0
200,15,9,6,55.0
98,6,5,5,11.2
180,6,4,6,19.5
84,8,1,1,3.3
65,5,1,2,2.55
110,8,3,6,16.0
80,12,4,3,12.0
80,12,4,3,12.0
40,12,5,3,11.5
38,3.5,5,4,2.2
58,20,4,5,28.0
121,30,6,15,70.0
95,20,7,15,57.0
84,30,5,45,49.0
80,30,4,9,35.0
101,30,5,15,140.0
68,5,1,2,1.2
71,5,1,2,1.5
71,5,1,2,1.5
70,4,1,2,1.1
69,4.5,1,2,1.2
55,10,4,4,10.5
40,6,6,4,6.65
50,15,2,2,8.7
191,15,9,4,70.0
65,16,5,5,31.0
57,8,3,3,10.0
108,8,6,6,25.0
80,5,7,10,16.9
107,12,3,3,31.0
92,6,5,16,13.0
95,10,5,6,12.0
92,16,3,8,33.5
109,6,7,8,9.3
28,3,4,2,3.7
53,6,5,3,3.65
35,3,5,9,3.75
30,3,4,4,3.2
30,3,2,2,2.45
75,20,2,8,27.5
200,30,5,30,29.0
225,20,2,5,157.0
225,20,3,5,157.0
225,20,3,5,157.0
45,10,1,2,4.5
75,16,3,6,35.0
92,13,2,4,12.6
70,16,2,6,16.5
37,3,4,4,2.95
85,12,3,6,23.5
150,15,1,45,170.0
134,10,2,4,11.5
135,10,2,3,3.55
68,5,4,4,15.0
35,26,3,2,6.89
76,16,4,7,12.5
52,8,1,2,4.9
110,7,3,4,5.7
58,8,4,5,7.5
92,6,3,4,6.8
35,5,5,3,3.95
100,11,3,3,24.8
60,3,3,4,3.4
126,7,2,4,12.5
120,30,1,2,16.0
31,3,5,3,3.3
73,20,3,4,16.5
92,20,6,6,18.5
175,8,5,5,75.0
413,10,3,2,193.0
303,10,6,6,149.0
112,8,1,20,29.8
70,8,9,9,29.8
140,6,4,5,25.0
126,40,2,3,11.5
54,10,1,2,11.5
35,5,1,2,2.68
27,4,2,3,2.72
56,6,1,2,4.6
64,3,1,2,1.099
35,5,1,3,6.2
88,20,1,1,13.5
72,8,1,2,7.45
106,10,4,8,20.5
36,4,1,2,2.28
38,2.5,4,4,1.58
240,12,3,4,6.2
180,3.5,5,3,4.2
25,2.5,3,2,1.9
250,6,6,3,7.0
100,8,1,1,1.4
90,4,1,1,1.6
70,51,4,4,13.0
55,4,4,4,6.435
46,4,4,4,4.7
66,2,4,4,4.6
140,12,2,3,1.5
120,16,2,3,0.950
150,16,2,3,0.88
250,20,4,3,14.0
80,20,1,2,26.5
92,10,2,3,13.5
35,3,5,5,4.2
31,3,2,2,2.99
45,8,5,4,4.7
38,3,5,5,3.0
38,3,5,5,3.0
40,5,5,5,4.0
35,4,5,4,3.0
42,5,5,5,3.8
46,6,5,4,4.0
43,5,5,5,3.9
42,3,3,3,3.7
86,5,7,18,10.5
171,10,3,4,15.5
270,20,1,2,24.0
206,15,3,4,44.0
368,15,1,2,48.0
40,10,5,3,7.5
38,3,5,4,4.05
36,6,5,4,4.9
57,8,4,4,6.5
70,3,6,11,11.5
70,3,6,11,11.5
60,5,3,3,4.95
250,16,2,2,26.5
81,4,2,5,7.0
130,8,3,4,14.0
73,7,3,4,8.8
500,20,2,5,100.0
72,20,5,10,17.0
160,30,3,6,78.0
146,25,1,2,22.0
96,12,2,30,23.5
900,50,2,50,180.0
45,30,6,4,16.5
115,10,8,13,41.0
140,6,1,2,0.89
65,10,5,5,10.0
40,8,3,4,9.8
88,15,4,6,17.5
88,15,5,6,17.3
60,6,1,2,0.55
100,6,2,5,0.8
71,6,1,2,0.700
53,2,2,2,1.75
80,20,4,4,18.5
45,8,5,5,10.6
80,20,4,4,18.5
100,10,3,3,5.5
80,20,4,8,27.0
145,3.5,1,1,12.7
49,5,4,7,7.8
100,20,4,5,58.5
150,16,2,6,0.88
76,10,1,2,30.5
50,10,5,5,14.0
50,3,4,4,5.3
55,6,5,6,8.3
30,10,4,3,6.0
54,3.5,5,4,5.1
40,30,4,3,11.5
85,30,5,8,22.7
70,20,2,3,32.0
100,20,1,2,17.3
80,20,5,8,15.6
200,14,1,1,36.0
80,10,5,10,16.8
56,20,5,4,14.1
142,12,1,2,13.5
112,20,1,2,13.0
35,3,5,4,3.65
88,12,1,2,8.65
70,6,7,7,12.8
47,3,5,5,6.5
90,16,2,2,13.5
43,4,1,2,0.98
90,10,4,4,34.8
33,4,5,3,2.3
150,10,2,12,5.85
142,7,2,3,4.1
200,50,2,2,80.0
50,3,4,5,5.95
403,21,1,3,2.2
160,8,3,4,2.35
33,3,3,3,3.65
66,6,3,5,9.0
106,4,2,5,11.0
85,5,4,4,9.95
58,6,4,5,6.65
65,5,4,4,7.888
4.500,20,2,30,150.0
163,11,2,2,12.6
68,5,5,5,4.8
62,6,3,4,7.9
64,6,3,4,6.0
54,4,3,3,6.5
40,0,1,2,4.25
76,30,1,3,29.0
104,30,7,14,35.0
96,30,3,6,70.0
72,30,2,4,50.0
80,30,3,6,32.0
53,6,5,5,7.8
50,7,2,2,4.6
140,20,3,6,16.0
95,6,3,6,15.0
110,30,3,6,8.5
90,12,3,5,8.0
84,16,2,5,11.0
84,5,2,5,7.9
105,7,2,4,2.75
37,3,5,3,2.85
35,3,5,4,3.3
74,1,3,3,10.6
75,18,1,1,7.4
1.100,30,6,12,58.0
32,6,2,2,3.6
183,5,3,4,12.7
165,4,3,4,6.6
45,3.5,6,8,5.0
115,7,3,4,6.9
55,15,1,1,21.5
90,12,1,2,15.0
110,5,5,9,5.95
300,8,1,2,1.5
240,6,1,1,1.15
60,5.5,1,2,6.0
30,3,4,3,1.8
32,3,5,3,2.25
40,6,4,4,3.7
40,4,1,2,1.05
66,5,1,1,6.6
42,3.5,1,2,1.15
45,3,1,2,1.1
105,3,4,4,8.2
83,10,4,4,11.0
60,3,6,5,10.0
100,5,1,21,25.0
68,2,3,2,8.8
100,5,9,8,39.0
55,5,4,4,3.86
40,3,4,3,3.0
160,25,4,6,30.0
50,5,8,14,6.5
80,20,1,1,9.5
72,5.5,1,2,3.65
73,12,4,5,9.8
68,5,1,2,0.830
32,4,2,2,3.5
92,7.5,2,4,8.0
35,4,5,4,1.6
155,6,3,3,24.0
73,30,4,8,39.0
35,3,4,4,2.4
50,20,4,4,5.3
76,3,4,5,9.5
80,10,3,4,9.4
160,30,9,45,0.235
118,30,7,14,55.0
92,30,2,4,55.0
60,4,7,10,5.8
74,6,2,3,1.95
120,20,6,12,70.0
60,4,5,10,5.78
65,3.5,6,10,5.75
70,3.7,5,10,5.59
56,3.8,5,10,5.77
35,3,5,4,2.55
150,8,2,4,5.08
71,20,2,2,14.0
48,2.5,3,4,1.3
34,3,4,3,2.95
67,2,2,2,2.1
96,4,2,2,1.9
70,3,1,2,1.85
183,6,2,6,18.0
152,15,1,25,36.8
51,15,3,6,22.0
130,5,5,8,15.3
60,15,4,8,25.0
105,12,3,4,2.699
45,15,5,3,10.3
44,4,4,4,4.5
140,8,5,4,11.0
70,4,2,4,5.35
112,12,2,5,10.7
36,6,4,4,5.5
364,15,2,5,6.2
124,15,2,4,11.0
160,8,3,5,18.0
45,20,6,4,8.95
50,7,5,4,12.5
48,4,1,2,3.6
33,2,4,3,2.25
102,30,3,4,29.5
92,10,5,8,17.5
75,5.5,4,5,7.8
90,4.5,4,3,7.6
250,6,3,4,4.48
48,5,1,2,0.62
51,3,5,4,5.6
100,8,4,4,6.5
80,15,1,2,6.6
90,5.5,7,13,12.5
400,12,3,4,30.0
70,3.5,1,2,3.0
284,20,2,4,21.0
208,30,8,30,180.0
984,40,1,1,35.0
100,10,2,3,10.2
200,30,9,10,93.0
217,15,1,1,33.0
151,6,1,1,25.0
124,20,1,2,14.2
33,6,1,2,1.35
100,20,1,1,9.8
100,3,5,8,6.5
78,3,7,15,11.5
126,3.5,5,6,11.9
65,7,5,6,13.5
150,3,7,40,20.0
62,6,5,3,13.4
44,7,3,4,3.0
28,3,3,3,2.5
46,10,1,2,4.5
75,8,3,5,9.685
100,20,1,2,10.0
60,8,3,5,4.5
200,8,3,5,4.45
45,4,5,6,3.93
78,7,5,5,14.8
110,10,6,6,24.0
64,12,2,4,5.29
205,18,1,2,21.5
75,4,5,3,5.0
120,5,5,14,16.0
55,5,6,8,14.0
200,13,3,4,14.5
53,5,4,6,22.0
65,5,3,6,47.5
37,3.5,4,3,3.95
250,12,4,5,4.9
250,12,4,5,4.9
250,12,4,5,4.9
171,6,2,3,16.7
184,2.5,4,4,4.3
70,51,4,4,13.0
70,20,4,4,13.0
64,5,1,2,1.2
175,3,5,3,3.5
102,3,1,2,10.5
60,5,6,5,12.0
55,5,3,2,4.55
76,6,6,15,28.0
80,24,5,12,30.0
72,24,6,12,34.0
65,8,3,4,3.45
50,3,4,6,5.75
50,4,2,2,2.25
90,10,4,4,32.0
160,50,6,4,64.0
130,30,2,3,25.0
365,40,6,6,23.5
48,3,2,2,3.75
45,4,5,5,4.3
30,7,3,5,2.85
110,6,6,7,13.5
58,35,2,3,18.5
72,35,2,1,30.0
150,35,2,1,33.0
72,35,3,6,21.0
80,6,3,4,6.7
130,6,2,3,14.5
160,8,1,2,3.5
30,3,5,4,3.0
30,8,7,4,7.5
85,16,8,8,35.5
62,8,6,6,18.2
45,6,5,6,6.75
26,8,2,2,3.0
40,6,1,2,1.999
68,6,5,6,8.6
85,30,1,40,89.0
36,2.5,4,4,3.3
28,2.2,2,2,1.95
75,7,5,4,7.4
62,3.5,5,4,6.0
47,5,4,4,8.6
75,4,5,6,7.9
40,4,5,4,3.75
45,4,5,4,6.9
87,10,3,3,14.5
95,10,3,12,9.5
22,2,5,3,2.39
125,11,3,4,7.5
105,7.5,3,3,6.4
95,10,3,12,9.5
75,7.5,7,14,16.5
100,7,8,8,20.0
46,3,5,3,3.65
48,3,4,4,4.2
40,2,3,3,2.9
72,3,2,4,3.9
81,8,2,3,8.5
56,3,1,2,4.1
48,2.5,1,2,2.3
50,4,2,4,6.5
40,6,3,2,6.8
50,6,1,2,8.2
40,6,2,2,7.9
77,3,3,2,1.65
62,3.5,1,3,6.6
33,3,4,3,2.2
33,3,5,4,3.05
85,11,1,3,8.0
40,2.5,4,4,2.74
300,40,4,5,38.0
210,12,1,1,8.0
110,4,1,2,2.599
30,2,4,3,1.9
30,2.5,4,3,1.9
70,4,5,4,5.0
105,6,1,3,16.0
140,20,4,6,20.2
70,20,5,4,25.5
120,20,3,4,48.0
100,30,9,12,28.0
55,30,5,6,23.5
55,5,9,20,13.5
60,5,5,6,6.8
40,20,4,4,22.5
70,8,8,7,17.0
140,30,3,3,20.2
43,3.2,5,4,2.8
70,10,3,3,8.2
100,10,4,4,12.5
73,10,3,3,8.3
60,4,3,4,4.1
38,8,1,4,5.9
43,5,6,4,4.5
78,80,5,6,20.8
360,50,2,6,105.0
100,12,9,21,83.0
60,4,7,12,12.0
40,2,4,4,2.55
250,30,1,1,62.5
500,40,1,15,0.282
116,30,1,2,35.0
370,40,1,60,0.295
118,40,6,3,26.5
100,30,7,10,31.0
52,20,7,10,29.0
60,35,9,6,49.0
300,30,1,2,46.0
420,20,7,8,75.0
45,3.5,5,6,5.0
72,6,4,6,11.6
80,8,1,2,6.2
137,15,6,6,51.0
30,8,4,4,3.5
108,21,3,4,38.0
250,7,4,4,4.85
40,3,4,4,4.0
65,5,1,2,1.78
56,7,3,3,2.85
60,10,5,8,8.7
65,5,3,3,5.1
78,10,1,2,13.5
225,12,4,6,40.0
35,3,5,4,3.95
35,3,5,3,3.5
950,20,4,5,40.0
55,5,4,6,7.45
73,6,6,8,11.5
56,6,1,2,0.67
35,3,5,3,3.4
20,2.7,2,2,1.68
100,10,4,4,1.5
37,6,2,2,2.25
119,5,1,2,2.8
58,5,5,5,4.4
95,3,5,5,8.2
45,2.3,5,5,5.5
48,4,4,4,2.5
50,7m,5,4,6.55
90,12,3,5,12.0
90,12,3,5,10.5
95,5,3,5,7.2
50,5,2,4,4.65
170,3,7,45,21.0
52,2.5,1,2,2.49
25,5,2,2,2.8
128,40,6,6,34.0
760,12,2,5,76.0
300,14,3,5,32.5
81,20,2,3,11.5
86,20,4,6,16.8
62,3.8,2,3,5.5
60,6,1,3,0.950
48,6,4,4,5.0
144,12,2,4,17.8
202,40,9,8,43.0
140,20,1,1,68.0
115,5,2,4,12.5
187,8,1,2,23.0
202,10,2,4,25.0
36,3,4,4,4.1
56,8,3,4,6.0
102,16,1,2,12.9
38,4,5,4,2.45
35,5,5,3,3.3
84,12,2,4,6.9
23,3,5,2,2.2
100,30,1,2,1.65
70,3,2,3,2.2
69,10,7,10,17.0
120,40,7,1,80.0
45,20,5,5,16.0
50,15,6,5,13.7
33,3,3,2,2.18
64,4.5,2,4,6.8
58,5,3,3,4.6
100,4,1,2,5.3
47,6,2,3,5.4
102,9,1,2,7.4
119,10,2,2,2.6
85,15,1,3,13.0
150,5.0,1,30,68.0
75,15,5,4,16.0
55,5,4,4,14.0
65,3.0,5,5,6.2
55,3.5,5,5,5.5
65,4.0,5,4,6.5
88,5.0,9,3,32.0
120,5.0,1,3,48.0
60,3.0,5,4,5.8
150,5.0,7,15,28.0
45,20,6,5,11.3
44,8,1,1,3.0
55,6,5,4,7.8
60,10,5,6,6.65
280,6,2,9,19.3
359,12,3,6,37.9
44,6,1,1,3.98
33,3,5,3,3.1
83,7.5,1,1,10.9
90,7,1,1,5.5
164,15,1,1,18.8
56,3,5,4,5.0
280,39,4,20,80.0
35,3,5,3,3.2
40,3,6,4,4.5
130,10,1,1,24.5
40,4,3,4,4.5
40,5,3,3,4.25
30,3,4,2,2.75
50,10,5,5,7.2
120,26,3,3,5.15
120,26,3,3,5.15
330,10,5,12,170.0
321,20,7,35,30.0
82,6,3,8,11.0
76,5.5,3,3,4.8
76,6,4,4,9.5
400,8,1,14,33.0
70,20,2,3,12.0
48,3,3,4,6.4
72,12,2,3,16.2
130,30,1,2,32.0
45,3,6,9,5.5
120,16,6,16,20.5
160,30,7,14,50.0
70,15,7,10,15.5
91,16,2,4,11.0
450,12,9,44,70.0
90,12,1,2,9.5
65,30,3,6,14.2
84,10,3,6,13.5
148,6,2,3,11.5
116,6,2,3,11.8
60,6,5,9,13.5
72,14,2,3,16.0
220,20,4,8,45.0
102,20,6,10,34.0
180,20,6,14,29.0
194,12,2,5,28.3
203,10,1,1,22.0
90,4.5,4,5,8.6
40,2,2,3,4.9
75,3.5,1,2,1.899
220,8,1,1,22.0
80,16,3,7,17.0
72,10,4,5,11.7
80,12,4,9,11.2
68,12,2,4,11.0
72,12,3,6,10.7
198,20,6,8,29.0
33,5,5,3,3.0
121,20,6,12,19.7
150,16,1,3,19.0
105,20,4,6,17.5
140,10,5,24,17.0
206,8,1,6,28.0
70,6,3,9,7.4
62,3,5,6,2.95
54,3,4,4,3.2
65,3,5,6,3.15
58,3.5,4,4,2.9
140,6,8,24,23.9
63,12,4,4,7.9
55,12,5,4,6.45
30,2.2,4,3,2.7
52,8,2,3,3.7
68,5.7,7,5,14.5
100,10,4,8,27.0
115,6,1,2,15.8
80,4,2,2,0.99
85,20,4,4,8.8
66,5,3,3,10.0
60,5,2,2,4.8
53,5,2,2,4.8
56,3,3,3,3.85
60,4,5,6,6.3
70,3,1,2,6.2
50,10,6,8,11.5
105,4,3,4,7.5
80,4,8,22,17.5
176,13,3,3,8.0
38,5,5,6,8.3
36,7,5,6,8.5
60,8,7,10,166.0
65,50,4,3,26.0
60,30,6,6,11.2
28,7,6,4,22.0
610,20,1,12,85.0
75,15,4,6,13.5
32,5,6,4,5.5
35,5,4,2,4.3
35,5,4,2,4.3
40,5,5,3,4.5
80,5,2,2,4.1
30,3,3,2,1.6
130,30,5,12,24.5
100,50,9,3,61.0
27,3,3,2,2.8
30,3,4,4,2.75
157,60,7,8,93.0
43,3,5,3,3.95
155,40,5,9,10.0
30,3,4,3,3.3
55,6,4,4,6.6
75,20,2,4,9.4
31,2.5,5,3,2.85
98,14,1,2,12.4
50,3,4,3,5.1
35,3,4,3,3.35
40,3,4,4,3.3
45,20,4,6,17.0
1.921,18,1,17,0.39
55,16,6,15,15.1
45,6,2,1,4.5
25,3,5,3,2.45
70,4.5,2,2,7.3
36,6,5,4,5.8
160,6,4,7,26.8
155,5,4,4,35.0
87,5,7,4,25.0
44,2,2,1,1.65
37,3,2,2,1.9
140,5,1,3,34.0
70,8,4,3,12.6
40,3.6,5,6,5.4
74,3,2,3,2.85
32,2.7,5,3,2.8
35,5,5,3,3.8
52,5,4,4,4.65
98,5,4,4,29.0
85,4,3,4,5.6
80,5,4,4,30.0
60,20,5,6,25.0
70,5,4,4,20.0
68,4,5,5,7.6
60,8,4,4,4.9
72,10,1,1,8.8
50,3,6,6,5.5
60,4,5,6,13.8
52,30,7,8,16.5
49,4,5,5,4.45
52,16,6,8,17.8
37,20,5,4,3.35
77,4,2,4,3.3
135,16,4,6,21.0
56,4,3,4,6.2
35,4,4,4,2.6
40,2.4,4,4,1.49
94,8,5,8,29.0
52,7.5,6,8,5.7
270,15,1,3,5.99
32,3,5,4,2.9
48,3.5,5,4,3.4
52,9,3,2,3.97
50,3.5,5,5,3.3
69,6,4,4,6.5
35,16,6,6,16.0
80,55,5,5,12.9
100,30,6,20,24.5
130,30,4,8,80.0
36,4,5,4,3.4
74,5,3,3,2.36
45,4,5,4,7.3
30,2.5,5,4,3.85
80,30,5,5,11.8
60,6,2,2,4.2
75,20,4,4,16.2
35,4,5,4,3.7
55,5,1,1,1.25
248,6,1,1,30.5
35,4,5,4,3.7
100,5,2,3,3.45
280,12,1,35,45.0
67,6,3,5,5.4
40,2.5,5,4,3.7
71,20,5,5,29.0
660,15,1,1,165.0
102,32,6,4,10.0
102,100,6,5,10.0
200,12,2,4,4.3
112,25,4,6,29.0
40,3,6,4,5.0
50,5,6,8,6.6
165,6,1,3,6.3
81,14,3,5,6.5
120,15,7,18,71.0
44,3,5,7,4.5
40,20,1,1,10.1
81,12,7,10,14.8
45,2,4,4,3.95
80,4,4,6,6.96
300,14,5,15,12.9
90,10,5,6,24.0
87,8,8,16,31.5
50,12,5,6,17.9
60,30,4,6,35.0
190,20,4,8,16.0
55,10,6,8,8.5
48,10,5,5,7.2
55,4,4,6,3.38
50,15,5,4,5.6
48,2,1,2,2.8
75,10,4,5,6.7
40,4,5,5,29.0
110,8,3,4,24.0
70,20,3,6,35.0
40,8,4,5,11.0
95,4,1,20,30.5
26,4,5,3,3.2
64,20,5,6,33.0
101,12,1,1,4.7
107,6,1,1,26.0
89,8,3,2,2.95
68,3,3,3,1.85
54,6,3,3,1.28
62,3,3,3,1.45
220,21,7,7,72.0
62,3,3,3,1.45
220,21,7,7,72.0
125,30,5,6,22.0
230,30,3,4,28.0
60,5,1,3,1.03
115,6,1,3,3.55
120,5,1,3,2.05
32,4,4,4,1.9
30,5,4,4,2.6
32,3,4,3,2.0
35,5,4,3,2.8
40,5,5,4,3.7
44,2.8,5,4,3.7
50,5,4,3,3.6
65,4,8,11,11.0
58,8,6,9,7.9
58,4,6,4,6.0
54,7,4,3,6.6
50,3,4,4,3.45
45,4,6,8,4.7
64,8,6,5,14.0
50,2.8,5,6,3.9
52,6,4,3,6.8
52,3,4,3,3.5
70,5.5,6,6,11.0
34,6,4,3,3.2
28,5,5,3,2.15
66,10,3,4,7.6
80,12,2,8,11.1
72,10,2,4,10.5
70,10,1,2,5.3
81,5,2,3,6.5
112,5,2,4,6.65
43,6,2,3,5.5
98,5,2,2,6.35
84,4,3,3,8.5
87,8,2,3,8.4
108,12,2,3,12.0
57,10,1,1,5.7
78,12,1,2,7.6
100,11,2,4,9.0
80,15,3,2,12.6
96,3,1,3,4.5
80,5,1,3,8.9
129,5,2,3,6.0
49,4,2,4,4.4
77,4.5,2,4,8.0
54,3,2,3,4.3
245,5,3,4,12.0
111,6,2,3,6.9
57,2.5,1,2,3.9
45,3,1,2,3.1
60,4,1,2,5.0
85,5,1,3,9.4
71,5,2,3,6.0
49,4,1,2,3.95
87,5,3,4,8.8
57,5,1,3,3.6
117,5,2,5,7.5
43,4,2,4,4.5
121,3.5,1,3,6.3
71,8,3,4,6.0
45,4,2,3,4.35
79,11,3,3,7.5
125,5,2,3,8.65
134,5,1,3,10.5
44,5,2,3,5.55
88,15,1,2,7.7
42,2.8,5,4,3.6
24,4,4,3,1.95
42,3,5,4,3.6
145,30,9,30,75.0
75,4,8,11,8.0
65,12,4,4,6.7
35,5,5,5,2.6
25,6,5,4,1.85
110,6,6,6,29.5
55,7,6,5,6.7
55,8,7,6,16.5
66,8,5,6,10.0
45,2,7,5,9.5
50,4,4,3,3.2
50,4,4,3,3.2
40,12,2,2,11.0
34,4,5,4,3.9
50,7,4,3,4.0
60,2,2,4,7.5
38,5,5,4,3.4
50,5,5,6,5.25
70,5,4,8,3.8
100,12,5,6,21.4
35,5,4,4,2.3
40,20,5,4,18.5
69,10,3,3,22.5
60,4,4,4,6.6
62,8,5,3,9.7
80,3,5,6,15.3
40,20,4,4,19.0
32,6,5,4,3.6
48,3.5,5,4,3.8
108,9,5,6,15.5
57,5,7,6,16.5
80,3,5,6,15.3
40,20,4,4,19.0
32,6,5,4,3.6
48,3.5,5,4,3.8
108,9,5,6,15.5
57,5,7,6,16.5
90,12,4,4,6.5
42,7,5,3,6.5
54,1,3,3,3.75
30,2.5,4,3,2.85
42,2,4,4,3.8
45,1,5,7,3.9
41,2,4,5,4.2
36,1.5,4,4,3.5
50,2.5,5,4,6.8
40,3,5,4,4.2
55,2,4,3,5.2
40,3,4,4,4.0
50,3,3,5,4.0
33,3,5,3,4.55
40,3,4,4,4.0
50,3,3,5,4.0
33,3,5,3,4.55
32,3,1,1,2.5
35,3,4,6,2.65
30,3,5,3,3.4
38,10,5,3,5.6
44,2,5,4,4.45
75,15,4,3,12.6
110,6,4,6,16.5
45,40,3,3,17.2
40,3,5,4,3.9
90,4,4,4,12.5
54,10,5,5,12.6
105,3,3,4,14.0
57,6,4,3,6.8
56,3,4,4,5.7
42,6,4,4,5.5
58,3,4,3,5.0
50,6,4,4,7.3
390,20,1,1,200.0
120,12,8,8,30.0
55,4,5,5,6.0
86,8,3,4,9.5
71,5,2,4,5.544
71,6,3,4,6.6
52,5,3,4,5.5
64,5,3,4,5.63
294,15,4,7,127.0
37,2,1,1,1.49
52,6,4,3,4.0
40,4,4,5,5.5
35,20M,5,5,4.2
42,20M,5,5,11.0
25,20M,5,5,7.5
45,20M,5,5,18.5
50,20M,5,4,20.5
75,20M,7,6,22.0
45,20M,6,4,13.5
32,20M,5,6,6.6
32,20M,5,6,6.6
42,30,4,3,8.5
34,40M,5,6,11.3
45,10M,3,3,7.0
33,3.5,4,3,2.15
43,30,4,2,6.0
36,5,5,6,3.5
42,15,4,3,11.6
38,10,2,2,3.4
38,5.5,3,4,3.5
160,30,4,10,26.5
35,30,3,6,3.2
31,6,4,4,3.5
33,6,3,3,3.4
35,20,4,4,3.6
32,15,2,3,2.8
42,12,3,3,3.8
40,11,2,3,3.6
30,12,4,15,3.5
40,13,3,3,3.45
30,10,5,6,3.45
40,4,2,2,3.8
29,10,3,4,3.1
30,10,3,4,2.95
35,10,3,4,3.5
40,10,4,4,3.8
20,8,2,1,2.4
15,6,2,1,1.5
28,8,1,2,2.8
40,10,2,2,4.0
40,6,3,2,3.5
30,5,2,2,3.3
30,5,2,2,3.1
30,6,2,2,3.1
29,4,2,2,2.85
36,5,5,10,3.5
32,3.5,2,2,2.8
36,6,2,2,2.85
36,3.6,3,3,3.3
66,4,2,2,4.25
62,5,2,3,4.2
63,6,2,2,4.2
45,20M,3,3,10.5
33,2.5,4,3,1.8
55,5,2,4,10.9
95,20M,2,2,13.0
68,20,3,5,32.5
72,16,4,6,35.5
60,16,5,6,18.3
65,14,4,6,21.9
100,16,2,6,26.0
168,18,8,12,55.0
110,16,4,6,27.0
52,20,5,6,16.3
64,20,5,8,28.0
110,16,3,5,37.0
72,14,5,6,30.0
72,12,5,6,42.0
160,14,7,16,55.0
56,8,5,5,13.9
96,8,3,4,16.3
62,62,5,5,17.5
106,8,5,6,19.8
102,8,5,6,19.5
100,104,3,5,21.5
70,6,2,2,11.9
72,12,4,6,17.8
80,8,4,6,15.5
48,14,5,10,16.6
102,8,3,5,17.0
82,8,3,5,17.0
78,8,3,5,17.2
48,8,4,6,9.9
72,8,4,5,14.5
79,3,3,4,7.5
11,2,1,2,2.1
80,8,4,5,5.7
78,10,6,5,8.9
58,18,6,4,8.2
82,10,5,6,8.0
61,8,5,6,5.0
65,8,5,6,5.4
58,6,5,4,6.5
58,8,6,5,6.5
54,7,4,4,5.2
73,10,5,5,5.0
48,12,6,4,6.0
78,40,5,4,15.0
56,12,6,4,7.0
56,10,5,4,5.0
66,10,5,4,7.0
68,12,5,4,6.2
89,10,5,5,6.55
62,6,5,4,5.3
82,8,5,5,6.0
83,10,5,4,6.5
72,8,5,4,7.0
70,8,5,4,7.3
72,10,6,4,7.4
74,10,6,4,7.8
62,8,5,4,5.4
74,7,5,4,5.4
82,5,5,6,5.5
80,6,4,5,5.8
64,10,7,5,15.0
96,20,8,6,15.0
86,6,4,4,5.5
62,4,5,5,5.0
88,20,6,5,13.0
68,12,6,4,7.0
66,22,6,4,10.0
132,25,8,7,20.0
82,25,8,4,11.5
82,26,8,4,11.0
54,8,5,5,5.6
82,8,5,5,5.7
68,22,7,5,9.5
106,10,4,5,8.0
106,8,4,5,8.0
106,8,4,5,8.0
86,18,8,5,14.0
86,25,8,4,13.0
64,18,6,5,10.5
68,12,6,5,9.0
78,18,7,4,11.0
68,18,6,4,11.0
82,8,4,5,5.5
52,20,6,4,7.5
52,18,6,4,7.5
88,18,8,5,15.0
95,25,8,5,15.0
97,25,8,6,12.0
175,25,8,6,17.0
160,26,8,6,17.0
120,10,8,30,14.0
124,15,8,28,13.0
98,12,7,12,11.0
98,18,6,5,14.0
96,16,7,12,11.0
72,8,5,4,7.0
70,8,5,4,7.3
72,10,6,4,7.4
74,10,6,4,7.8
62,8,5,4,5.4
74,7,5,4,5.4
82,5,5,6,5.5
80,6,4,5,5.8
64,10,7,5,15.0
96,20,8,6,15.0
62,4,5,5,5.0
86,6,4,4,5.5
88,20,6,5,13.0
68,12,6,4,7.0
66,22,6,4,10.0
132,25,8,7,20.0
82,25,8,4,11.5
82,26,8,4,11.0
54,8,5,5,5.6
82,8,5,5,5.7
68,22,7,5,9.5
106,10,4,5,8.0
106,8,4,5,8.0
106,8,4,5,8.0
86,18,8,5,14.0
86,25,8,4,13.0
64,18,6,5,10.5
68,12,6,5,9.0
78,18,7,4,11.0
68,18,6,4,11.0
82,8,4,5,5.5
52,20,6,4,7.5
52,18,6,4,7.5
88,18,8,5,15.0
95,25,8,5,15.0
97,25,8,6,12.0
175,25,8,6,17.0
160,26,8,6,17.0
120,10,8,30,14.0
124,15,8,28,13.0
98,12,7,12,11.0
98,18,6,5,14.0
96,16,7,12,11.0
96,25,8,5,13.0
49,6,5,6,4.0
64,4,5,4,5.0
72,6,5,4,5.5
56,8,5,5,5.2
64,7,5,4,4.6
60,18,8,4,8.0
88,12,7,16,8.0
92,18,8,5,14.2
86,18,8,6,14.0
88,24,1,5,17.0
76,22,7,4,13.0
60,12,6,4,8.0
89,30,8,5,14.5
72,18,7,4,14.5
105,8,4,5,8.0
106,8,4,5,8.0
68,18,7,5,9.5
132,28,1,5,24.0
80,8,4,5,5.75
82,30,8,4,11.0
66,6.5,5,4,12.0
64,4,6,5,7.0
65,10,5,5,7.2
98,18,8,8,14.0
86,16,8,8,14.0
68,30,7,4,14.0
98,8,7,5,10.0
125,28,8,5,20.0
95,18,8,8,14.0
96,25,8,4,12.0
66,25,6,5,14.0
86,6,5,6,9.0
78,15,7,5,11.0
72,24,8,4,14.0
64,14,6,4,8.5
64,14,6,4,8.5
108,8,4,4,10.5
62,18,7,5,8.0
68,10,6,4,7.6
106,16,4,5,10.0
82,18,5,5,13.5
74,8,6,4,7.8
70,10,6,4,7.4
70,8,5,4,7.3
100,20,8,5,14.0
82,8,4,4,6.5
82,4,5,4,6.2
66,18,6,4,7.5
68,6.5,5,4,6.8
80,10,5,5,6.0
56,6.5,6,5,12.2
68,10,7,5,10.0
62,8,5,5,5.5
56,12,7,4,8.2
84,18,7,4,12.5
82,20,7,4,12.0
96,25,8,6,12.0
82,26,7,5,14.0
78,16,7,5,12.0
86,10,5,6,8.0
88,12,6,5,9.0
62,18,6,4,8.0
66,10,6,5,7.0
82,12,7,16,8.0
96,12,7,12,11.0
98,18,7,12,11.0
98,18,6,5,14.0
124,13,8,26,13.0
120,12,8,30,14.0
175,26,8,6,17.0
160,25,8,6,17.0
96,25,8,6,12.0
94,25,8,6,15.0
88,18,8,6,15.0
83,7,4,5,5.7
62,4,5,4,4.7
88,8,5,5,6.5
72,8,5,4,5.0
49,4,5,4,4.1
64,8,5,5,7.35
132,30,1,9,59.0
245,16,2,4,125.0
35,5,6,3,5.5
120,25,6,8,31.0
39,4,1,3,4.2
63,4,1,2,5.8
115,20,5,5,18.5
143,20,5,5,70.0
42,6,5,4,4.5
51,20,2,3,7.5
53,3.2,3,2,1.7
300,12,5,5,4.9
300,12,4,7,15.0
300,12,4,5,4.6
330,5,4,12,4.6
300,12,4,5,16.0
300,12,4,6,4.9
300,12,4,5,5.6
300,12,5,7,15.0
300,12,4,6,4.9
100,12,2,3,1.2
460,20,3,6,85.0
58,6,4,6,11.5
320,16,5,16,11.8
44,20,5,4,13.0
110,12,5,8,18.5
100,20,2,2,8.9
100,25,4,3,15.0
160,16,2,3,9.4
120,30,4,5,21.0
41,8,2,2,6.5
80,16,7,8,15.0
285,12,4,5,12.0
45,12,5,3,7.8
90,30,3,3,20.0
51,7,4,5,7.0
122,4,3,4,7.2
65,7,5,6,8.0
121,5,3,3,4.95
145,6,3,3,7.2
72,5,2,2,4.0
152,4.6,3,3,5.0
144,6,3,3,5.4
64,4,2,2,4.4
60,4.2,4,5,6.8
95,16,2,3,17.0
90,4,4,4,6.5
38,3,2,2,4.0
36,3,2,2,4.2
65,2,2,2,4.2
100,7,2,2,3.8
56,4,4,5,10.0
56,4,4,5,8.5
81,8.5,1,2,8.2
80,8,4,6,10.0
41,8,2,2,6.5
80,16,7,8,15.0
285,12,4,5,12.0
45,12,5,3,7.8
90,30,3,3,20.0
51,7,4,5,7.0
122,4,3,4,7.2
65,7,5,6,8.0
121,5,3,3,4.95
145,6,3,3,7.2
72,5,2,2,4.0
152,4.6,3,3,5.0
144,6,3,3,5.4
64,4,2,2,4.4
60,4.2,4,5,6.8
95,16,2,3,17.0
90,4,4,4,6.5
38,3,2,2,4.0
24,2.5,3,2,2.3
38,2.5,3,4,4.2
90,12,2,4,14.0
215,12,4,4,6.8
75,20,4,4,11.0
215,16,4,4,6.7
114,8,3,4,6.8
64,12,2,3,8.6
452,30,4,6,17.0
350,20,2,2,29.9
240,16,3,3,14.0
84,16,2,4,13.5
216,8,5,6,13.0
60,5,2,3,5.4
54,8,4,5,6.8
60,5,4,7,5.7
68,5,2,3,5.6
74,3,2,3,6.0
620,4,5,68,23.0
155,3.5,2,3,5.5
37,5,2,2,3.1
60,4.2,2,2,6.1
60,4.2,2,2,6.1
96,5,2,3,6.0
48,4.5,3,3,4.75
82,4.5,3,6,9.0
50,6,3,5,8.0
90,5,2,3,7.5
72,6,3,4,7.0
56,8,2,2,3.9
78,5,2,3,6.2
40,4,4,4,4.2
87,6.3,4,4,8.2
286,10,4,5,8.5
56,4,2,2,4.7
81,5,2,3,9.5
70,4.6,4,4,8.2
48,4,3,3,5.2
90,4.5,1,2,7.0
65,8,2,4,6.6
72,8,4,5,10.4
170,6,2,4,7.5
93,5,1,1,4.8
56,3,4,4,4.8
57,4,2,2,4.55
65,10,3,4,5.5
64,10,4,4,7.6
76,6,2,4,7.6
82,3,2,2,3.1
132,8,2,3,15.5
24,2.5,3,2,2.3
38,2.5,3,4,4.2
53,4,2,2,4.2
214,6,4,7,9.4
188,5,5,5,7.4
120,6,4,4,14.0
150,6,2,3,6.0
72,3.2,3,2,3.5
100,5,2,3,7.8
29,3,3,2,3.1
140,3,1,3,8.5
47,8,3,3,3.4
178,6,1,1,11.0
38,3,2,4,4.1
36,3,2,2,3.5
108,3.5,4,6,11.0
124,6,3,5,6.8
65,5,4,4,6.7
48,2.5,2,3,3.6
45,10,7,6,18.0
80,8,5,8,12.0
40,3,5,4,4.0
45,8,4,4,9.5
58,5,4,4,10.35
50,8,4,4,10.85
45,30,5,4,16.75
50,20,7,5,18.0
60,8,5,6,9.35
60,8,5,6,9.35
50,5,5,6,7.0
85,8,4,4,14.95
90,8,5,6,12.0
70,5,4,4,9.7
70,8,5,4,13.0
75,8,5,6,11.85
60,8,4,4,10.3
70,8,5,4,15.2
45,10,5,4,10.5
50,8,4,4,10.0
70,8,5,4,13.0
50,6,5,6,7.8
70,8,4,4,10.7
56,6,4,4,9.85
50,8,5,4,12.0
40,8,4,4,8.6
46,8,4,4,8.9
55,8,5,6,12.15
50,8,4,4,10.85
55,10,5,4,14.0
50,8,5,4,13.2
62,8,6,6,14.5
50,5,5,4,7.6
40,8,5,4,8.95
45,10,7,5,18.0
64,15,6,6,17.0
48,3,5,4,4.35
43,3,4,4,4.25
65,5,4,4,6.2
60,5,5,4,5.0
70,6,4,4,6.85
50,5,5,6,6.15
70,3,3,4,6.2
40,5,5,4,4.35
38,5,5,4,4.15
40,5,5,4,6.85
60,5,4,4,5.2
45,5,5,6,5.35
50,5,7,6,8.65
50,4,5,4,7.15
38,4,5,4,3.5
40,4,5,4,4.65
52,3,5,4,5.65
50,5,5,4,5.75
60,5,4,4,7.65
18,3,4,3,1.75
52,5,5,4,5.9
46,3,5,4,5.6
48,8,5,4,8.15
50,8,5,6,12.5
42,5,4,4,6.15
55,5,4,4,4.85
80,5,2,3,5.6
70,3,2,3,7.7
19,3,2,2,2.35
50,2.5,2,3,3.6
93,2.5,2,4,6.2
45,2.5,2,3,3.8
21,3,2,2,2.8
45,10,4,5,7.1
46,3.5,5,3,5.5
58,3,2,3,5.9
30,3,2,2,2.399
62,12,2,2,11.3
45,8,2,4,8.7
68,8,3,4,9.85
64,8,4,4,12.8
40,2.5,2,2,3.05
50,6,4,5,8.9
58,6,4,4,2.4
57,10,3,3,2.68
52,13,3,3,3.5
70,8,2,5,11.5
42,16,4,4,10.0
100,6,4,6,7.9
100,6,4,6,7.5
100,5.5,4,6,7.8
43,7,4,4,1.08
45,4,5,4,56.0
40,4,1,4,3.2
65,5,4,4,4.0
46,7,4,4,64.5
44,4,4,4,4.1
47,6,3,4,3.4
104,16,5,5,24.0
60,18,5,4,23.0
78,15,4,3,22.0
60,35,5,3,20.0
107,30,5,3,22.0
192,35,6,3,36.0
42,38,4,3,9.0
130,20,1,3,67.0
130,20,1,3,67.0
68,20,5,4,20.0
234,20,5,5,35.0
468,20,1,13,0.66
300,20,5,5,48.0
128,20,1,3,43.0
60,6,3,4,6.6
60,4,3,4,6.5
50,6,4,4,6.5
38,4,3,4,2.6
40,4,4,4,2.6
75,3,5,6,5.5
52,6,4,4,4.8
50,4,5,3,4.8
55,6,4,6,9.1
52,5,4,4,7.9
250,4,5,6,6.5
62,30,5,5,17.0
95,8,1,3,13.0
100,5,2,5,15.8
96,8,8,10,24.0
72,40,2,2,18.0
71,10,4,5,13.0
900,15,8,13,40.0
180,20,5,3,10.6
68,45,7,6,28.0
200,7,4,4,8.4
110,10,1,1,25.0
840,4,8,25,17.5
160,10,4,3,18.0
35,55,1,1,8.5
280,4,7,6,7.0
75,50,3,3,19.0
34,50,1,1,8.5
350,3,7,6,9.6
255,5,5,6,6.5
205,35,5,3,13.8
1.120,50,7,5,65.0
50,50,4,4,12.3
500,20,7,10,21.0
100,5,3,5,14.0
155,4,5,3,3.4
60,2,2,2,1.9
268,3,5,4,4.8
420,5,6,5,13.0
55,3,5,4,4.85
240,3,5,5,4.9
200,2.5,5,5,4.65
38,2,4,3,2.7
52,5,4,3,8.8
200,2.5,5,5,3.0
250,2.5,5,6,4.2
40,2.5,5,5,4.65
30,2,5,3,3.3
224,2.5,4,4,3.2
43,3,5,7,4.3
250,5,5,5,6.5
172,3,5,3,3.5
180,2,5,3,3.7
350,6,5,4,10.1
212,2,5,3,3.65
32,3,4,2,2.5
120,2,3,3,2.2
336,4,5,3,4.8
250,3,5,3,5.2
120,2,4,4,3.0
200,3,5,6,3.7
60,4,3,4,6.75
38,4,2,3,4.65
78,4,3,5,8.1
31,3,4,4,5.5
55,4,4,4,8.0
60,4,5,5,8.8
25,3,2,2,3.5
35,4,2,3,4.0
47,5,2,2,3.6
50,4,2,2,3.7
70,3,2,3,6.4
60,4.5,2,3,6.0
81,14,1,2,8.1
80,4,2,3,8.65
75,4.5,2,3,8.0
13,3,3,2,2.1
80,4.5,2,3,8.65
15,3,2,2,2.2
14,3,2,2,2.2
25,3,2,2,3.2
70,3,2,3,6.0
30,3,5,4,2.05
60,8,4,3,4.3
56,8,1,1,1.65
82,6,3,4,2.6
40,5,4,4,3.9
50,8,3,3,5.5
87,6,3,3,3.55
40,10,3,2,3.95
30,18,2,2,4.5
70,14,5,4,4.6
60,15,4,3,5.68
50,5,4,4,4.45
56,4,4,4,3.5
96,10,2,2,8.9
99,5,1,2,2.4
104,6,4,4,5.2
81,15,3,3,6.4
100,6,3,3,3.6
30,2,2,2,1.099
50,2,3,3,1.52
70,2,2,2,1.76
47,3,4,4,2.75
61,4,4,4,4.55
44,10,3,3,1.42
52,3,4,4,2.3
43,2,2,2,1.66
63,4,3,3,2.8
46,5,4,4,3.95
45,2,4,4,1.96
110,2,2,2,3.2
72,2,2,3,1.65
35,2,4,3,2.0
35,2,4,3,2.0
52,4,1,1,2.62
30,3,5,4,1.87
31,2.2,4,4,1.72
34,2.5,4,3,1.75
32,2.2,4,3,1.75
31,2.5,3,3,1.65
33,2.5,4,4,1.55
33,2,3,3,1.39
31,2.5,4,3,2.15
30,2,4,3,2.15
303,2.3,5,3,2.35
36,2.5,4,4,1.75
32,2.2,4,3,1.5
32,3,4,4,1.49
30,2.5,4,3,2.3
34,2,4,2,2.6
44,3,4,2,3.0
31,2.5,4,2,2.0
87,4,2,3,7.5
30,2.5,4,2,2.0
100,6,2,3,6.8
45,14,5,7,20.7
46,30,6,4,16.5
120,9,1,1,8.5
60,4,6,5,19.0
37,9,6,5,17.0
50,5,5,6,10.99
45,20,5,4,21.0
58,10,6,5,16.0
40,16,5,4,12.0
50,8,5,4,16.7
46,20,6,5,15.0
45,8,5,5,5.2
54,9,5,4,7.0
29,15,5,4,24.5
78,6.5,4,3,10.0
45,13,6,5,14.0
85,5,5,4,21.0
45,10,5,4,6.0
55,55,7,6,15.2
40,3.5,4,3,4.9
55,4,5,4,7.5
40,3.7,5,4,4.9
50,4,4,3,3.3
75,6,5,4,10.9
41,4.5,5,4,3.5
44,7,5,5,5.6
40,4,5,3,3.5
35,5,5,4,3.8
55,6,5,4,6.1
33,4,5,4,2.4
42,7,4,4,5.9
50,4,5,4,5.5
40,3.7,4,4,3.2
41,3,4,4,3.2
40,4,4,4,2.3
44,6,5,3,6.1
52,9,5,4,10.77
30,4,5,4,3.35
30,3,4,3,3.4
35,4,6,5,3.8
35,4,6,5,3.8
40,3,5,6,3.8
40,3,4,3,4.0
50,5,5,6,4.65
57,3,5,6,5.35
45,4,4,3,6.5
45,4,5,4,5.8
32,3,3,4,3.55
40,3,4,3,4.0
45,5,5,5,6.9
32,3,5,4,3.95
30,4,5,3,3.25
34,3,5,4,3.95
30,5,5,4,5.1
42,4,5,4,6.1
38,4,5,4,3.2
40,4,6,5,7.2
40,4,6,5,3.6
60,8,6,6,16.98
69,5,6,5,6.3
55,5,6,5,6.2
57,5,5,4,6.0
44,5,5,4,3.2
44,4,4,3,4.7
40,7,6,5,12.9
50,5,4,3,4.6
46,6,5,4,5.1
35,4,4,3,3.2
36,4,5,4,3.4
55,5.5,5,4,6.9
50,6,5,4,9.1
26,3.5,5,4,2.4
40,3,4,3,2.8
41,4,5,4,3.75
52,4,5,4,4.95
42,3,4,4,3.4
55,4,5,4,3.7
48,4,5,4,5.2
48,4,5,4,3.2
38,4,5,4,3.4
48,4,5,4,3.2
38,4,5,4,3.4
44,6,6,5,5.1
45,5,5,4,5.2
25,5,5,3,2.55
65,5,4,4,4.8
30,8,4,4,4.95
55,4,4,5,5.5
210,5,4,4,4.3
225,4,5,4,4.05
43,5,4,4,6.2
64,16,2,3,8.6
57,12,4,4,7.6
160,12,2,3,9.6
230,12,5,6,14.0
278,16,4,10,14.9
87,12,3,4,9.3
40,12,2,2,7.0
56,8,2,2,5.7
114,16,1,2,13.0
114,16,1,2,13.0
220,16,5,4,10.0
110,12,4,3,9.3
42,10,2,2,2.95
56,12,2,2,6.5
90,16,2,2,15.5
120,16,2,3,12.0
165,30,3,4,32.0
67,25,4,3,15.0
224,12,4,4,11.0
28,12,2,2,4.5
62,8,2,3,5.7
140,25,2,5,17.5
85,8,4,4,14.5
92,8,2,2,11.8
76,12,4,5,19.0
64,16,4,3,12.5
120,16,6,5,12.5
92,12,4,4,21.0
54,8,4,5,6.8
